{
  "project_info": {
    "project_number": "681973512628",
    "firebase_url": "https://proyecto-microeconomia.firebaseio.com",
    "project_id": "proyecto-microeconomia",
    "storage_bucket": "proyecto-microeconomia.appspot.com"
  },
  "client": [
    {
      "client_info": {
        "mobilesdk_app_id": "1:681973512628:android:a2ad0b4ab4b52437051ae1",
        "android_client_info": {
          "package_name": "com.example.proyectofinal"
        }
      },
      "oauth_client": [
        {
          "client_id": "681973512628-taio8bvdcc1vg4pq61q36tparf6feiqc.apps.googleusercontent.com",
          "client_type": 1,
          "android_info": {
            "package_name": "com.example.proyectofinal",
            "certificate_hash": "2348c9f5e1edb3595a27111b03f50048a2150a15"
          }
        },
        {
          "client_id": "681973512628-ft5cngr7rs7cdmt9o4q50vc2vp7sppos.apps.googleusercontent.com",
          "client_type": 3
        }
      ],
      "api_key": [
        {
          "current_key": "AIzaSyDTygoDxH-4D7Pa4KZWSU2eSxO4okprljk"
        }
      ],
      "services": {
        "appinvite_service": {
          "other_platform_oauth_client": [
            {
              "client_id": "681973512628-ft5cngr7rs7cdmt9o4q50vc2vp7sppos.apps.googleusercontent.com",
              "client_type": 3
            }
          ]
        }
      }
    }
  ],
  "configuration_version": "1"
}